{
  "id": "fabric-loader-0.9.3+build.207-1.16.1",
  "inheritsFrom": "1.16.1",
  "releaseTime": "2020-09-12T23:49:14-0400",
  "time": "2020-09-12T23:49:14-0400",
  "type": "release",
  "mainClass": "net.fabricmc.loader.launch.knot.KnotClient",
  "arguments": {
    "game": []
  },
  "libraries": [
    {
      "name": "net.fabricmc:tiny-mappings-parser:0.2.2.14",
      "url": "https://maven.fabricmc.net/"
    },
    {
      "name": "net.fabricmc:sponge-mixin:0.8.1+build.21",
      "url": "https://maven.fabricmc.net/"
    },
    {
      "name": "net.fabricmc:tiny-remapper:0.2.2.64",
      "url": "https://maven.fabricmc.net/"
    },
    {
      "name": "net.fabricmc:fabric-loader-sat4j:2.3.5.4",
      "url": "https://maven.fabricmc.net/"
    },
    {
      "name": "com.google.jimfs:jimfs:1.2-fabric",
      "url": "https://maven.fabricmc.net/"
    },
    {
      "name": "org.ow2.asm:asm:8.0",
      "url": "https://maven.fabricmc.net/"
    },
    {
      "name": "org.ow2.asm:asm-analysis:8.0",
      "url": "https://maven.fabricmc.net/"
    },
    {
      "name": "org.ow2.asm:asm-commons:8.0",
      "url": "https://maven.fabricmc.net/"
    },
    {
      "name": "org.ow2.asm:asm-tree:8.0",
      "url": "https://maven.fabricmc.net/"
    },
    {
      "name": "org.ow2.asm:asm-util:8.0",
      "url": "https://maven.fabricmc.net/"
    },
    {
      "name": "com.google.guava:guava:21.0",
      "url": "https://maven.fabricmc.net/"
    },
    {
      "name": "net.fabricmc:intermediary:1.16.1",
      "url": "https://maven.fabricmc.net/"
    },
    {
      "name": "net.fabricmc:fabric-loader:0.9.3+build.207",
      "url": "https://maven.fabricmc.net/"
    }
  ]
}